<?xml version="1.0" encoding="UTF-8" ?>
<!DOCTYPE mapper
  PUBLIC "-//mybatis.org//DTD Mapper 3.0//EN"
  "http://mybatis.org/dtd/mybatis-3-mapper.dtd">

<mapper namespace="Pds">
 
   <!--  새글 쓰기 -->
    <insert  id="PdsInsert" >
    INSERT INTO BOARD (
	    IDX,
	    MENU_ID,
	    TITLE,
	    CONT,
	    WRITER,
	    REGDATE,
	    READCOUNT,
	    BNUM,
	    LVL,
	    STEP,
	    NREF
	) VALUES (
	    ( SELECT NVL(MAX(IDX),0)+1 FROM BOARD ) ,
	    #{menu_id},
	    #{title},
	    #{cont},
	    #{writer},
	    SYSDATE,
	    0,
	--    ( SELECT NVL(MAX(BNUM),0)+1 FROM BOARD WHERE MENU_ID= ${menu_id} ) ,
	    ( SELECT NVL(MAX(IDX),0)+1 FROM BOARD  ) ,
	    0,
	    0,
	    ( SELECT NVL(MAX(IDX),0)+1 FROM BOARD ) 
	)    
    </insert>
    
    <!-- 해당글(menu_id) 그룹(nref)의 기존 답글의 순서(step)를 +1 증가 -->
    <update id="UpdateRef">
     UPDATE  BOARD
	     SET    STEP = STEP + 1
	     WHERE  MENU_ID = #{ menu_id } 
	     AND    NREF    = #{ nref }
	     AND    STEP    > #{ step }
    </update>
    
    <!-- 답글 쓰기 -->
    <insert id="PdsReply">       
    INSERT INTO BOARD (
	    IDX,
	    MENU_ID,
	    TITLE,
	    CONT,
	    WRITER,
	    REGDATE,
	    READCOUNT,
	    BNUM,
	    LVL,
	    STEP,
	    NREF
	) VALUES (
	    ( SELECT NVL(MAX(IDX),0)+1 FROM BOARD ) ,
	    #{menu_id},
	    #{title},
	    #{cont},
	    #{writer},
	    SYSDATE,
	    0,
	    #{ bnum  },
	    #{ lvl   } + 1 ,
	    #{ step  } + 1,
	    #{ nref  } 
	)
    </insert>
    
    <!--  files insert  반복 실행되어야 함 insert all 
        insert all 문안에서는 
          sequence 와 (select max() form files) 가 다 동작하지 않는다, i 도 불가
        GET_FILENUM() - oracle 함수 
    -->
    <insert id="FileInsert" >    
      <foreach collection="filesList" item="file"
         index="i" open="INSERT ALL" 
         close="SELECT * FROM DUAL" separator=" ">
          INTO FILES VALUES (
             GET_FILENUM(),
			 ( SELECT MAX(IDX) FROM BOARD ),
			 #{ file.filename  },
			 #{ file.fileext   },
			 #{ file.sfilename }
          )
      </foreach>     
    </insert>
    
    <insert id="FileUpdate" >    
      <foreach collection="filesList" item="file"
         index="i" open="INSERT ALL" 
         close="SELECT * FROM DUAL" separator=" ">
          INTO FILES VALUES (
             GET_FILENUM(),
			 #{ idx },
			 #{ file.filename  },
			 #{ file.fileext   },
			 #{ file.sfilename }
          )
      </foreach>     
    </insert>
    
   <!-- 목록 조회 -->
   <select  id="PdsList"
   	        parameterType="hashmap"
            resultType="com.green.pds.vo.PdsVo" >
   	  SELECT      IDX,         MENU_ID,   	              
   	              TITLE,   	              
   	              WRITER,      READCOUNT,
   	              (  SELECT  COUNT(FILE_NUM)
   	                  FROM   FILES  F
   	                  WHERE  B.IDX = F.IDX 
   	              ) FILESCOUNT,
   	              TO_CHAR(REGDATE, 'YYYY-MM-DD HH24:MI:SS' )  REGDATE,
   	              BNUM, LVL, STEP, NREF
   	   FROM       BOARD   B
   	  
   	  <if test="menu_id != null and menu_id != ''">
       WHERE  
         MENU_ID = #{menu_id}
       </if>
   	   ORDER BY   NREF  DESC, STEP ASC
   
   </select>
   
    <!-- 목록 조회(paging) -->
    <select  id="PdsPagingList"
   	        parameterType="hashmap"
            resultType="com.green.pds.vo.PdsPagingVo" >
   	  SELECT  *
   	   FROM 
   	  ( SELECT    ROW_NUMBER() OVER( ORDER BY   NREF  DESC, STEP ASC) RNUM,
   	              IDX,         MENU_ID,   	              
   	              TITLE,   	              
   	              WRITER,      READCOUNT,
   	              (  SELECT  COUNT(FILE_NUM)
   	                  FROM   FILES  F
   	                  WHERE  B.IDX = F.IDX 
   	              ) FILESCOUNT,
   	              TO_CHAR(REGDATE, 'YYYY-MM-DD HH24:MI:SS' )  REGDATE,
   	              BNUM, LVL, STEP, NREF
   	   FROM       BOARD   B
   	   WHERE      1=1
   	  <if test="menu_id != null and menu_id != ''">
        AND MENU_ID = #{menu_id}         
      </if>
   	  ) T   	   
   	   WHERE 
   	      RNUM BETWEEN #{startnum} AND #{endnum}
   	  
   
   </select>
   
   
   <select id="GetPds"
           resultType="com.green.pds.vo.PdsVo">
     SELECT 
          IDX, MENU_ID,
          TITLE, CONT, WRITER,   READCOUNT, 
          TO_CHAR(REGDATE, 'YYYY-MM-DD HH24:MI:SS') REGDATE,
          BNUM, LVL, STEP, NREF
      FROM   
         BOARD
      WHERE 
         IDX = #{idx}
   </select>
   
   <select id="GetTotalCount"    parameterType="hashmap"
            resultType="_int" >
     SELECT 
         count(idx) as totalcount
      FROM   
         BOARD
      WHERE 
         MENU_ID = #{menu_id}
   
   </select>
   
   <select id="PdsFileList"
           resultType="com.green.pds.vo.FilesVo">
      SELECT
             FILE_NUM,  IDX, FILENAME, FILEEXT, SFILENAME
       FROM        FILES
       WHERE       IDX    =  #{ idx }
       ORDER BY    FILE_NUM  ASC      
  </select>
  
  <!-- idx 로 Files 테이블 파일 목록 삭제 -->
  <delete  id="DeleteFiles">
     DELETE  FROM   FILES
      WHERE  IDX    =  #{ idx }  
  </delete>
  
  <!-- idx 로 Board 테이블 글 목록 삭제 -->
  <delete  id="DeletePds">
     DELETE  FROM   BOARD
      WHERE  IDX    =  #{ idx }   
  </delete>
  
  <!-- idx 로 Board 테이블 글 수정 -->
  <update  id="UpdatePds">
     UPDATE   BOARD
      SET     TITLE  = #{ title },
              CONT   = #{ cont  }
      WHERE   IDX    = ${ idx   }
  
  </update>
  
  <delete id="deleteUploadedFile">
     DELETE   FROM         FILES
      WHERE   FILE_NUM =  ${ file_num }
  </delete>
      
</mapper>

<!-- 
GET_FILENUM() 가능
  ( SELECT NVL( MAX(FILE_NUM), 0)+1 FROM FILES ),  PK 위반 x
  FILENUM_SEQ.NEXTVAL, PK 위반 X


 시퀀스
CREATE SEQUENCE FILENUM_SEQ;

함수
CREATE  OR REPLACE FUNCTION  GET_FILENUM
RETURN 
   NUMBER   AS NUM  NUMBER;
BEGIN
   SELECT     FILENUM_SEQ.NEXTVAL
     INTO     NUM
     FROM     DUAL;
     RETURN   NUM;                                                             
END;
/
 



 -->














