<?xml version="1.0" encoding="UTF-8" ?>
<!DOCTYPE mapper
  PUBLIC "-//mybatis.org//DTD Mapper 3.0//EN"
  "http://mybatis.org/dtd/mybatis-3-mapper.dtd">

<mapper namespace="User">
  
    <select id="UserList"
      resultType="com.green.user.vo.UserVo">
      SELECT USERID, USERNAME, 
             TO_CHAR(INDATE, 'YYYY-MM-DD HH24:MI:SS') INDATE 
        FROM TUSER
       ORDER BY INDATE DESC
    </select>
    
    <select id="getView"
        resultType="com.green.user.vo.UserVo">
     SELECT USERID, 
            PASSWD,
            USERNAME,
            TO_CHAR(INDATE, 'YYYY-MM-DD HH24:MI:SS') INDATE 
      FROM  TUSER
      WHERE USERID = #{id}
    </select>
             	
    <select id="getViewName"
        resultType="com.green.user.vo.UserVo">
     SELECT USERID, 
            PASSWD,
            USERNAME,
            TO_CHAR(INDATE, 'YYYY-MM-DD HH24:MI:SS') INDATE 
      FROM  TUSER
      WHERE USERNAME LIKE '%' || #{name} || '%'  
      ORDER BY  USERNAME ASC     	
    
    </select>
 
     <select id="login"
        resultType="com.green.user.vo.UserVo">
     SELECT USERID, 
            PASSWD,
            USERNAME,
            TO_CHAR(INDATE, 'YYYY-MM-DD HH24:MI:SS') INDATE 
      FROM  TUSER
      WHERE USERID = #{userid}
      AND   PASSWD = #{passwd}    
    
    </select>
    
      
</mapper>














